{
    "vertexPositions" : [
        0, 1, 0, 0, 0, 0, 0.5, 0, 0, 0.475528, 0, 0.154508, 0.404508, 0, 0.293893, 0.293893, 0, 0.404508, 0.154508, 0, 0.475528, 0, 0, 0.5, -0.154508, 0, 0.475528, -0.293893, 0, 0.404508,
        -0.404508, 0, 0.293893, -0.475528, 0, 0.154508, -0.5, 0, 0, -0.475528, 0, -0.154508, -0.404508, 0, -0.293893, -0.293893, 0, -0.404508, -0.154508, 0, -0.475528, 0, 0, -0.5, 0.154508, 0, -0.475528, 0.293893, 0, -0.404508,
        0.404508, 0, -0.293893, 0.475528, 0, -0.154508
      ],
    "vertexNormals" : [
        2.41706e-010, 1.24012, -5.50617e-009, 0, -6.28318, 0, 2.65813, -1.49836, -8.19101e-010, 2.52804, -1.49837, 0.821411, 2.15048, -1.49836, 1.56241, 1.56241, -1.49836, 2.15048, 0.821411, -1.49837, 2.52804, -8.19101e-010, -1.49836, 2.65813, -0.821411, -1.49837, 2.52804, -1.56241, -1.49836, 2.15048,
        -2.15048, -1.49836, 1.56241, -2.52804, -1.49837, 0.821411, -2.65813, -1.49836, -8.19101e-010, -2.52804, -1.49837, -0.821411, -2.15048, -1.49836, -1.56241, -1.56241, -1.49836, -2.15048, -0.821411, -1.49837, -2.52804, 8.19101e-010, -1.49836, -2.65813, 0.821411, -1.49837, -2.52804, 1.56241, -1.49836, -2.15048,
        2.15048, -1.49836, -1.56241, 2.52804, -1.49837, -0.821411
      ],
    "vertexTextureCoords" : [2,2,1.75,2,1.75,1.975,2,1.975,1.75,1.95,2,1.95,1.75,1.925,2,1.925,1.75,1.9,2,1.9,1.5,2,1.5,1.975,1.5,1.95,1.5,1.925,1.5,1.9,1.25,2,1.25,1.975,1.25,1.95,1.25,1.925,1.25,1.9,1,2,1,1.975,1,1.95,1,1.925,1,1.9,1,2,0.75,2,0.75,1.975,1,1.975,0.75,1.95,1,1.95,0.75,1.925,1,1.925,0.75,1.9,1,1.9,0.5,2,0.5,1.975,0.5,1.95,0.5,1.925,0.5,1.9,0.25,2,0.25,1.975,0.25,1.95,0.25,1.925,0.25,1.9,0,2,0,1.975,0,1.95,0,1.925,0,1.9,2,2,1.75,2,1.75,1.975,2,1.975,1.75,1.95,2,1.95,1.75,1.925,2,1.925,1.75,1.9,2,1.9,1.5,2,1.5,1.975,1.5,1.95,1.5,1.925,1.5,1.9,1.25,2,1.25,1.975,1.25,1.95,1.25,1.925,1.25,1.9,1,2,1,1.975,1,1.95,1,1.925,1,1.9,1,2,0.75,2,0.75,1.975,1,1.975,0.75,1.95,1,1.95,0.75,1.925,1,1.925,0.75,1.9,1,1.9,0.5,2,0.5,1.975,0.5,1.95,0.5,1.925,0.5,1.9,0.25,2,0.25,1.975,0.25,1.95,0.25,1.925,0.25,1.9,0,2,0,1.975,0,1.95,0,1.925,0,1.9,2,1.9,1.75,1.9,1.75,1.675,2,1.675,1.75,1.45,2,1.45,1.75,1.225,2,1.225,1.75,1,2,1,1.5,1.9,1.5,1.675,1.5,1.45,1.5,1.225,1.5,1,1.25,1.9,1.25,1.675,1.25,1.45,1.25,1.225,1.25,1,1,1.9,1,1.675,1,1.45,1,1.225,1,1,1,1.9,0.75,1.9,0.75,1.675,1,1.675,0.75,1.45,1,1.45,0.75,1.225,1,1.225,0.75,1,1,1,0.5,1.9,0.5,1.675,0.5,1.45,0.5,1.225,0.5,1,0.25,1.9,0.25,1.675,0.25,1.45,0.25,1.225,0.25,1,0,1.9,0,1.675,0,1.45,0,1.225,0,1,2,1.9,1.75,1.9,1.75,1.675,2,1.675,1.75,1.45,2,1.45,1.75,1.225,2,1.225,1.75,1,2,1,1.5,1.9,1.5,1.675,1.5,1.45,1.5,1.225,1.5,1,1.25,1.9,1.25,1.675,1.25,1.45,1.25,1.225,1.25,1,1,1.9,1,1.675,1,1.45,1,1.225,1,1,1,1.9,0.75,1.9,0.75,1.675,1,1.675,0.75,1.45,1,1.45,0.75,1.225,1,1.225,0.75,1,1,1,0.5,1.9,0.5,1.675,0.5,1.45,0.5,1.225,0.5,1,0.25,1.9,0.25,1.675,0.25,1.45,0.25,1.225,0.25,1,0,1.9,0,1.675,0,1.45,0,1.225,0,1,2,1,1.75,1,1.75,0.85,2,0.85,1.75,0.7,2,0.7,1.75,0.55,2,0.55,1.75,0.4,2,0.4,1.5,1,1.5,0.85,1.5,0.7,1.5,0.55,1.5,0.4,1.25,1,1.25,0.85,1.25,0.7,1.25,0.55,1.25,0.4,1,1,1,0.85,1,0.7,1,0.55,1,0.4,1,1,0.75,1,0.75,0.85,1,0.85,0.75,0.7,1,0.7,0.75,0.55,1,0.55,0.75,0.4,1,0.4,0.5,1,0.5,0.85,0.5,0.7,0.5,0.55,0.5,0.4,0.25,1,0.25,0.85,0.25,0.7,0.25,0.55,0.25,0.4,0,1,0,0.85,0,0.7,0,0.55,0,0.4,2,1,1.75,1,1.75,0.85,2,0.85,1.75,0.7,2,0.7,1.75,0.55,2,0.55,1.75,0.4,2,0.4,1.5,1,1.5,0.85,1.5,0.7,1.5,0.55,1.5,0.4,1.25,1,1.25,0.85,1.25,0.7,1.25,0.55,1.25,0.4,1,1,1,0.85,1,0.7,1,0.55,1,0.4,1,1,0.75,1,0.75,0.85,1,0.85,0.75,0.7,1,0.7,0.75,0.55,1,0.55,0.75,0.4,1,0.4,0.5,1,0.5,0.85,0.5,0.7,0.5,0.55,0.5,0.4,0.25,1,0.25,0.85,0.25,0.7,0.25,0.55,0.25,0.4,0,1,0,0.85,0,0.7,0,0.55,0,0.4,2,0.4,1.75,0.4,1.75,0.3,2,0.3,1.75,0.2,2,0.2,1.75,0.1,2,0.1,1.75,0,1.5,0.4,1.5,0.3,1.5,0.2,1.5,0.1,1.5,0,1.25,0.4,1.25,0.3,1.25,0.2,1.25,0.1,1.25,0,1,0.4,1,0.3,1,0.2,1,0.1,1,0,1,0.4,0.75,0.4,0.75,0.3,1,0.3,0.75,0.2,1,0.2,0.75,0.1,1,0.1,0.75,0,0.5,0.4,0.5,0.3,0.5,0.2,0.5,0.1,0.5,0,0.25,0.4,0.25,0.3,0.25,0.2,0.25,0.1,0.25,0,0,0.4,0,0.3,0,0.2,0,0.1,0,0,2,0.4,1.75,0.4,1.75,0.3,2,0.3,1.75,0.2,2,0.2,1.75,0.1,2,0.1,1.75,0,1.5,0.4,1.5,0.3,1.5,0.2,1.5,0.1,1.5,0,1.25,0.4,1.25,0.3,1.25,0.2,1.25,0.1,1.25,0,1,0.4,1,0.3,1,0.2,1,0.1,1,0,1,0.4,0.75,0.4,0.75,0.3,1,0.3,0.75,0.2,1,0.2,0.75,0.1,1,0.1,0.75,0,0.5,0.4,0.5,0.3,0.5,0.2,0.5,0.1,0.5,0,0.25,0.4,0.25,0.3,0.25,0.2,0.25,0.1,0.25,0,0,0.4,0,0.3,0,0.2,0,0.1,0,0,1,1,0.875,1,0.875,0.875,1,0.875,0.875,0.75,1,0.75,0.875,0.625,1,0.625,0.875,0.5,1,0.5,0.75,1,0.75,0.875,0.75,0.75,0.75,0.625,0.75,0.5,0.625,1,0.625,0.875,0.625,0.75,0.625,0.625,0.625,0.5,0.5,1,0.5,0.875,0.5,0.75,0.5,0.625,0.5,0.5,0.5,1,0.375,1,0.375,0.875,0.5,0.875,0.375,0.75,0.5,0.75,0.375,0.625,0.5,0.625,0.375,0.5,0.5,0.5,0.25,1,0.25,0.875,0.25,0.75,0.25,0.625,0.25,0.5,0.125,1,0.125,0.875,0.125,0.75,0.125,0.625,0.125,0.5,0,1,0,0.875,0,0.75,0,0.625,0,0.5,1,0.5,0.875,0.5,0.875,0.375,1,0.375,0.875,0.25,1,0.25,0.875,0.125,1,0.125,0.875,0,1,0,0.75,0.5,0.75,0.375,0.75,0.25,0.75,0.125,0.75,0,0.625,0.5,0.625,0.375,0.625,0.25,0.625,0.125,0.625,0,0.5,0.5,0.5,0.375,0.5,0.25,0.5,0.125,0.5,0,0.5,0.5,0.375,0.5,0.375,0.375,0.5,0.375,0.375,0.25,0.5,0.25,0.375,0.125,0.5,0.125,0.375,0,0.5,0,0.25,0.5,0.25,0.375,0.25,0.25,0.25,0.125,0.25,0,0.125,0.5,0.125,0.375,0.125,0.25,0.125,0.125,0.125,0,0,0.5,0,0.375,0,0.25,0,0.125,0,0,0.5,0,0.625,0,0.625,0.225,0.5,0.225,0.625,0.45,0.5,0.45,0.625,0.675,0.5,0.675,0.625,0.9,0.5,0.9,0.75,0,0.75,0.225,0.75,0.45,0.75,0.675,0.75,0.9,0.875,0,0.875,0.225,0.875,0.45,0.875,0.675,0.875,0.9,1,0,1,0.225,1,0.45,1,0.675,1,0.9,0,0,0.125,0,0.125,0.225,0,0.225,0.125,0.45,0,0.45,0.125,0.675,0,0.675,0.125,0.9,0,0.9,0.25,0,0.25,0.225,0.25,0.45,0.25,0.675,0.25,0.9,0.375,0,0.375,0.225,0.375,0.45,0.375,0.675,0.375,0.9,0.5,0,0.5,0.225,0.5,0.45,0.5,0.675,0.5,0.9,0.5,0.9,0.625,0.9,0.625,0.925,0.5,0.925,0.625,0.95,0.5,0.95,0.625,0.975,0.5,0.975,0.625,1,0.5,1,0.75,0.9,0.75,0.925,0.75,0.95,0.75,0.975,0.75,1,0.875,0.9,0.875,0.925,0.875,0.95,0.875,0.975,0.875,1,1,0.9,1,0.925,1,0.95,1,0.975,1,1,0,0.9,0.125,0.9,0.125,0.925,0,0.925,0.125,0.95,0,0.95,0.125,0.975,0,0.975,0.125,1,0,1,0.25,0.9,0.25,0.925,0.25,0.95,0.25,0.975,0.25,1,0.375,0.9,0.375,0.925,0.375,0.95,0.375,0.975,0.375,1,0.5,0.9,0.5,0.925,0.5,0.95,0.5,0.975,0.5,1,0.875,0.75,1,0.75,1,1,0.875,0.5,1,0.5,0.875,0.25,1,0.25,0.875,0,1,0,0.75,0.75,0.875,1,0.75,0.5,0.75,0.25,0.75,0,0.625,0.75,0.75,1,0.625,0.5,0.625,0.25,0.625,0,0.5,0.75,0.625,1,0.5,0.5,0.5,0.25,0.5,0,0.375,0.75,0.5,0.75,0.5,1,0.375,0.5,0.5,0.5,0.375,0.25,0.5,0.25,0.375,0,0.5,0,0.25,0.75,0.375,1,0.25,0.5,0.25,0.25,0.25,0,0.125,0.75,0.25,1,0.125,0.5,0.125,0.25,0.125,0,0,0.75,0.125,1,0,0.5,0,0.25,0,0,0.875,0.75,1,0.75,1,1,0.875,0.5,1,0.5,0.875,0.25,1,0.25,0.875,0,1,0,0.75,0.75,0.875,1,0.75,0.5,0.75,0.25,0.75,0,0.625,0.75,0.75,1,0.625,0.5,0.625,0.25,0.625,0,0.5,0.75,0.625,1,0.5,0.5,0.5,0.25,0.5,0,0.375,0.75,0.5,0.75,0.5,1,0.375,0.5,0.5,0.5,0.375,0.25,0.5,0.25,0.375,0,0.5,0,0.25,0.75,0.375,1,0.25,0.5,0.25,0.25,0.25,0,0.125,0.75,0.25,1,0.125,0.5,0.125,0.25,0.125,0,0,0.75,0.125,1,0,0.5,0,0.25,0,0,1,1,0.875,1,0.875,0.75,1,0.75,0.875,0.5,1,0.5,0.875,0.25,1,0.25,0.875,0,1,0,0.75,1,0.75,0.75,0.75,0.5,0.75,0.25,0.75,0,0.625,1,0.625,0.75,0.625,0.5,0.625,0.25,0.625,0,0.5,1,0.5,0.75,0.5,0.5,0.5,0.25,0.5,0,0.5,1,0.375,1,0.375,0.75,0.5,0.75,0.375,0.5,0.5,0.5,0.375,0.25,0.5,0.25,0.375,0,0.5,0,0.25,1,0.25,0.75,0.25,0.5,0.25,0.25,0.25,0,0.125,1,0.125,0.75,0.125,0.5,0.125,0.25,0.125,0,0,1,0,0.75,0,0.5,0,0.25,0,0,1,1,0.875,1,0.875,0.75,1,0.75,0.875,0.5,1,0.5,0.875,0.25,1,0.25,0.875,0,1,0,0.75,1,0.75,0.75,0.75,0.5,0.75,0.25,0.75,0,0.625,1,0.625,0.75,0.625,0.5,0.625,0.25,0.625,0,0.5,1,0.5,0.75,0.5,0.5,0.5,0.25,0.5,0,0.5,1,0.375,1,0.375,0.75,0.5,0.75,0.375,0.5,0.5,0.5,0.375,0.25,0.5,0.25,0.375,0,0.5,0,0.25,1,0.25,0.75,0.25,0.5,0.25,0.25,0.25,0,0.125,1,0.125,0.75,0.125,0.5,0.125,0.25,0.125,0,0,1,0,0.75,0,0.5,0,0.25,0,0],